																																																		
			F	F	F	D	F	F	F	F	F	F	F	F	F	F	F	F	F	F	F	F	F	F	F	F	F	F	F				F	F	F				F	F	F	F	F	F	F	DP	F	F	F	
			F	F	F						F																		D				F		DS				F	F	F	F	F	F	F				F	
			F	F	F	DS	F	F	F		F		F	F	F		F	F	F	F	F	F	F	F	F		F	F	F	F	F		F		F	F	F		F	F	F	F	F	F	F				F	
											F		F	F	F		F								F		F	F	F	F	F		F		F	F	F				D								F	
	F	F	F	F	F	F	F	F	F	D	F		F	F	F		F		F	F	F	F	F		F	F	F	F	F	F	F		F		F	F	F	D	F	F	F								F	
	F		F	F	F	F	F	F	F				F	F	F		F		F	F	F	F	F				F	F	F	F	F		F		F	F	F												D	
	F		F	F	F	F	F	F	F		F	DP	F	F	F		F		F	F	F	F	F		F		F	F	F	F	F		F		F	F	F		F	F	F	F	F	F	F		F	F	F	
											F				DS		F						D		F								F						F	F	F	F	F	F	F		F	F	F	
	F	F	F	F	F		F	F	F	F	F				F		F		F	F	F	F	F	F	F	F	F	F	F	F	F		F	F	F	F	F		F	F	F	F	F	F	F	D	F	F	F	
	F	F	F	F	F										F		F														F						F		F	F	F	F	F	F	F				D	
	F	F	F	F	F		F	F	F	F	F	F	F	D	F		F	F	F	F	F	F	F		F	F	F	F	F		F		F	F	F		F	F	F	F	F	F	F	F	F		F	F	F	
	F	F	F	F	F		F	F	F	F	F	F	F										F		F	F	F	F	F		F		F	F	F				F	F	F	F	F	F	F		F		F	
	F	F	F	F	F		F	F	F	F	F	F	F	D	F		F	F	F		F	F	F		F	F	F	F	F	D	F		F	F	F				F	F	F	F	F	F	F		F		F	
					D								D		F		F	F	F		F				F	F	F	F	F		F		F												F		F		SD	
	F	F	F	F	F	F	F	F	F		F	F	F		F		F	F	F	DP	F		F		F	F	F	F	F		F	F	F	F	F		F	F	F	F	F		F		F		F		SDD	
	F		F	F	F	F	F	F	F		F	F	F		F		F	F	F				F				D								F		F	F	F	F	F		F		F		F			
	F		F	F	F	F	F	F	F		F	F	F	D	F		F	F	F		F	F	F	F	F	D	F	F	F	F	F		F		F		F	F	F	F	F	D	F		F		F	F	F	
	F				DS						D				F		F	F	F		F		D				F	F	F	F	F		F		F		F	F	F	F	F				F				F	
	F		F	F	F		F		F	D	F	F	F		F		F	F	F		F		F	F	F	DP	F	F	F	F	F		F	F	F		F	F	F	F	F				F	F	F		F	
	F		F	F	F		F		F		F	F	F		F				D		F		F	F	F						D								D								F		F	
	F		F	F	F		F		F	DP	F	F	F		F		F		F		F		F	F	F		F	F	F		F	F	F	F	F	F	F		F	F	F	F	F	F	F		F		F	
	F		F	F	F		F		F				DP		F		F		F		F		F	F	F		F		F		F	F	F	F	F	F	F		F	F	F	F	F	F	F		F		F	
	F		F	F	F		F		F		F	F	F		F		F		F		F		F	F	F		F		F	DP	F	F	F	F	F	F	F		F	F	F	F	F	F	F		F		F	
	F		D				F		F		F	F	F		F		F		F				D						F		F	F	F	F	F	F	F						D		D		F		F	
	F		F	F	F	F	F		F		F	F	F		F	F	F		F		F	F	F	F	F		F	F	F		F	F	F	F	F	F	F				F	F	F		F	F	F		F	
	F								F		D								F		F	F	F	F	F		F														F	F	F						F	
	F	F	F	F	F	F	F		F		F		F	F	F	F	F		F		F	F	F	F	F		F	D	F	F	F		F	F	F	F	F				F	F	F		F	F	F	F	F	
	F	F	F	F	F	F	F		F		F		F	F	F	F	F		F		F	F	F	F	F				F	F	F		F	F	F	F	F				F	F	F		F				F	
	F	F	F	F	F	F	F	DP	F		F		F	F	F	F	F		F		F	F	F	F	F				F	F	F	D	F	F	F	F	F				F	F	F		F		F	F	F	
											F		F	F	F	F	F		F						DS				DP		D		F	F	F	F	F				F	F	F		F		F			
			F	F	F	F	F	F	F	F	F	D	F	F	F	F	F		F	F	F				F	F	F	F	F		F		F	F	F	F	F				F	F	F		F		F	F	F	
			D		DS								F	F	F	F	F				F				F	F	F	F	F		F												D		F		D			
	F	F	F	F	F		F	F	F	F	F		F	F	F	F	F		F	F	F	F	F		F	F	F	F	F		F	F	F	F	F	D	F	F	F	F	F	F	F		F		F	F	F	
	F	F	F	F	F		F	F	F	F	F		F	F	F	F	F		F	F	F	F	F		F	F	F	F	F								F	F	F	F	F	F	F		F		F	F	F	
	F	F	F	F	F		F	F	F	F	F		F	F	F	F	F	D	F	F	F	F	F		F	F	F	F	F		F	D	F	F	F		F	F	F	F	F	F	F		F		F	F	F	
	F	F	F	F	F		F	F	F	F	F		F	F	F	F	F		F	F	F	F	F		F	F	F	F	F		F		F	F	F						D				F					
	F	F	F	F	F	D	F	F	F	F	F		F	F	F	F	F		F	F	F	F	F	D	F	F	F	F	F		F		F	F	F		F	F	F	F	F	F	F		F	F	F	F	F	
	F	F	F	F	F						D		F	F	F	F	F												DP		F		D				F	F	F	F	F	F	F		F					
	F	F	F	F	F		F	F	F	F	F		F	F	F	F	F		F	F	F	F	F	DS	F		F	F	F		F		F		F	F	F	F	F	F	F	F	F		F		F	F	F	
							F	F	F	F	F		F	F	F	F	F		F	F	F	F	F				DS				D		F		F										F		F	F	F	
	F	F	F	F	F	DS	F	F	F	F	F	DP	F	F	F	F	F		F	F	F	F	F	D	F	F	F	F	F	F	F		F		F	F	F	F	F	F	F		F		F		F	F	F	
			F				F	F	F	F	F		F	F	F	F	F		F	F	F	F	F		F	F	F	F	F	F	F		F		F	F	F	F	F	F	F		F		F		F	F	F	
	F	F	F		F	DS	F	F	F	F	F		F	F	F	F	F		F	F	F	F	F		F	F	F	F	F	F	F		F		F	F	F	F	F	F	F	D	F		F	D	F	F	F	
	F				D								F	F	F	F	F																F		F	F	F	F	F	F	F				F		F	F	F	
	F		F	F	F	F	F		F	F	F		F	F	F	F	F	D	F	F	F	F	F	F	F	F	F	F	F	F	F		F		F	F	F	F	F	F	F		F	F	F		F	F	F	
	F		F	F	F	F	F		F		F		F	F	F	F	F														F		F		DP						D		F							
	F	D	F	F	F	F	F	D	F		F		F	F	F	F	F	D	F	F	F		F	F	F	F	F	F	F		F	F	F		F	F	F		F	F	F		F							
	F		F	F	F	F	F		F		F		F	F	F	F	F		F		F		F	F	F	F	F	F	F										F	F	F		F							
	F		F	F	F	F	F		F		F		F	F	F	F	F		F		F		F	F	F	F	F	F	F	D	F	F	F		F	F	F	DP	F	F	F		F	F	F					
	F								F		F								F		F										F		F		F	F	F								DP					
	F		F	F	F	F	F		F		F	F	F	F	F		F	F	F		F		F	F	F	D	F	F	F		F		F		F	F	F		F	F	F		F	F	F	D	F	F	F	
	F		F		F	F	F		F						D				DS		F		F				F	F	F		SU		F		F	F	F				F		F	F	F				F	
	F	F	F		F	F	F		F	F	F	F	F		F	F	F	F	F		F		F	F	F	D	F	F	F		SUU		F		F	F	F	D	F	F	F		F	F	F		F		F	
							D						F		F	F	F	F	F		F						F	F	F				F		D										F		F		F	
	F	F	F	F	F	F	F		F	F	F	F	F		F	F	F	F	F		F		F	F	F	DP	F	F	F		F	F	F		F	F	F		F	F	F	F	F		F	F	F		F	
	F	F	F	F	F	F	F		F	F	F	F	F								F		F	F	F		F	F	F		F				F	F	F		F	F	F	F	F						F	
	F	F	F	F	F	F	F		F	F	F	F	F								F	D	F	F	F		F	F	F		F				F	F	F		F	F	F	F	F		F	D	F	F	F	
	F	F	F	F	F	F	F		F	F	F	F	F										DS						DP		DS						DP		F	F	F	F	F		F		F	F	F	
	F	F	F	F	F	F	F	D	F	F	F	F	F		F	F	F	F	F		F	F	F	F	F	F	F		F	F	F	F	F	F	F		F	D	F	F	F	F	F		F		F	F	F	
									F	F	F	F	F		F	F	F	F	F		F	F	F	F	F	F	F		F	F	F	F	F		D										F		F	F	F	
	F	F	F	F	F	F	F		F	F	F	F	F	DS	F	F	F	F	F	F	F	F	F	F	F	F	F		F	F	F	F	F		F	F	F	F	F	F	F				F		F	F	F	
	F																D						D		D										F	F	F	F	F	F	F				F		F	F	F	
	F	F	F	F	F	F	F	F	F	F	F	F	F	F	F	F	F	F	F	F	F	F	F	F	F										F	F	F	F	F	F	F	D	F	F	F		F	F	F	
																																																		